{
  "STEAM_0:1:245411948": {
    "identity": "STEAM_0:1:245411948",
    "name": "\uD835\uDE68\uD835\uDE5E\uD835\uDE64",
    "kill": 561,
    "dead": 386,
    "selfkill": 1,
    "teamkill": 1,
    "assister": 92,
    "Score": 1.5645994832041343
  },
  "STEAM_0:1:589155973": {
    "identity": "STEAM_0:1:589155973",
    "name": "kunumario\u003C3",
    "kill": 520,
    "dead": 348,
    "selfkill": 1,
    "teamkill": 0,
    "assister": 94,
    "Score": 1.6217765042979944
  },
  "STEAM_0:0:43199417": {
    "identity": "STEAM_0:0:43199417",
    "name": "N\u00F3t\u00E1s",
    "kill": 191,
    "dead": 226,
    "selfkill": 0,
    "teamkill": 0,
    "assister": 54,
    "Score": 0.960352422907489
  },
  "STEAM_0:0:77694869": {
    "identity": "STEAM_0:0:77694869",
    "name": "Kroki 77",
    "kill": 29,
    "dead": 82,
    "selfkill": 1,
    "teamkill": 0,
    "assister": 13,
    "Score": 0.41566265060240964
  },
  "STEAM_0:0:190362488": {
    "identity": "STEAM_0:0:190362488",
    "name": "Avidano Vani^^",
    "kill": 500,
    "dead": 533,
    "selfkill": 2,
    "teamkill": 1,
    "assister": 179,
    "Score": 1.099250936329588
  },
  "STEAM_0:0:98394335": {
    "identity": "STEAM_0:0:98394335",
    "name": "Lencse",
    "kill": 313,
    "dead": 295,
    "selfkill": 1,
    "teamkill": 1,
    "assister": 66,
    "Score": 1.1638513513513513
  },
  "STEAM_0:0:203114556": {
    "identity": "STEAM_0:0:203114556",
    "name": "It\u0027s My Life",
    "kill": 354,
    "dead": 412,
    "selfkill": 6,
    "teamkill": 0,
    "assister": 109,
    "Score": 0.9745762711864406
  },
  "STEAM_0:1:35621956": {
    "identity": "STEAM_0:1:35621956",
    "name": "Mad\u00E1rtely",
    "kill": 491,
    "dead": 373,
    "selfkill": 1,
    "teamkill": 0,
    "assister": 130,
    "Score": 1.4839572192513368
  },
  "STEAM_0:0:143211814": {
    "identity": "STEAM_0:0:143211814",
    "name": "bons",
    "kill": 90,
    "dead": 141,
    "selfkill": 1,
    "teamkill": 0,
    "assister": 44,
    "Score": 0.7816901408450704
  },
  "STEAM_0:0:79997250": {
    "identity": "STEAM_0:0:79997250",
    "name": "BaKKeR",
    "kill": 38,
    "dead": 30,
    "selfkill": 0,
    "teamkill": 0,
    "assister": 11,
    "Score": 1.403225806451613
  },
  "STEAM_0:1:108988899": {
    "identity": "STEAM_0:1:108988899",
    "name": "Hencsokaska",
    "kill": 252,
    "dead": 358,
    "selfkill": 0,
    "teamkill": 0,
    "assister": 81,
    "Score": 0.8147632311977716
  },
  "STEAM_0:1:37596719": {
    "identity": "STEAM_0:1:37596719",
    "name": "Z\u0171rlord",
    "kill": 97,
    "dead": 114,
    "selfkill": 0,
    "teamkill": 0,
    "assister": 24,
    "Score": 0.9478260869565217
  },
  "STEAM_0:0:5924827": {
    "identity": "STEAM_0:0:5924827",
    "name": "]JK[ Koszti \uC6C3 \uC720 \u267F\u261E\uFE0E\u2620",
    "kill": 209,
    "dead": 350,
    "selfkill": 2,
    "teamkill": 1,
    "assister": 68,
    "Score": 0.6851851851851852
  },
  "STEAM_0:0:132466730": {
    "identity": "STEAM_0:0:132466730",
    "name": "yletr\u00E1daM",
    "kill": 36,
    "dead": 35,
    "selfkill": 0,
    "teamkill": 0,
    "assister": 7,
    "Score": 1.0972222222222223
  },
  "STEAM_0:1:149680176": {
    "identity": "STEAM_0:1:149680176",
    "name": "darklaci",
    "kill": 113,
    "dead": 114,
    "selfkill": 0,
    "teamkill": 0,
    "assister": 26,
    "Score": 1.0956521739130434
  },
  "STEAM_0:1:197117924": {
    "identity": "STEAM_0:1:197117924",
    "name": "CSalaM\u00E1t\u00E9",
    "kill": 53,
    "dead": 102,
    "selfkill": 0,
    "teamkill": 0,
    "assister": 24,
    "Score": 0.6310679611650486
  },
  "STEAM_0:0:921186391": {
    "identity": "STEAM_0:0:921186391",
    "name": "slepywtf",
    "kill": 0,
    "dead": 1,
    "selfkill": 0,
    "teamkill": 0,
    "assister": 0,
    "Score": 0
  },
  "STEAM_0:1:583541001": {
    "identity": "STEAM_0:1:583541001",
    "name": "tkende",
    "kill": 211,
    "dead": 208,
    "selfkill": 0,
    "teamkill": 3,
    "assister": 67,
    "Score": 1.1626794258373205
  },
  "STEAM_0:0:1351016": {
    "identity": "STEAM_0:0:1351016",
    "name": "\u03BAill\u03F5d\u03DBa\u03EE \u07F7 Cran\u03BA",
    "kill": 4,
    "dead": 2,
    "selfkill": 1,
    "teamkill": 0,
    "assister": 0,
    "Score": 1
  },
  "STEAM_0:1:155574162": {
    "identity": "STEAM_0:1:155574162",
    "name": "J u d g e D r e d d",
    "kill": 41,
    "dead": 26,
    "selfkill": 1,
    "teamkill": 0,
    "assister": 11,
    "Score": 1.6851851851851851
  },
  "STEAM_0:0:22037345": {
    "identity": "STEAM_0:0:22037345",
    "name": "NewIm",
    "kill": 150,
    "dead": 94,
    "selfkill": 2,
    "teamkill": 0,
    "assister": 38,
    "Score": 1.7578947368421052
  },
  "STEAM_0:1:96399851": {
    "identity": "STEAM_0:1:96399851",
    "name": "La\u0027masuli",
    "kill": 50,
    "dead": 73,
    "selfkill": 0,
    "teamkill": 0,
    "assister": 12,
    "Score": 0.7567567567567568
  },
  "STEAM_0:1:128380033": {
    "identity": "STEAM_0:1:128380033",
    "name": "atreusz",
    "kill": 229,
    "dead": 179,
    "selfkill": 0,
    "teamkill": 0,
    "assister": 51,
    "Score": 1.413888888888889
  },
  "STEAM_0:0:441559502": {
    "identity": "STEAM_0:0:441559502",
    "name": "Sinistral",
    "kill": 271,
    "dead": 244,
    "selfkill": 0,
    "teamkill": 2,
    "assister": 74,
    "Score": 1.2530612244897958
  },
  "STEAM_0:1:7004440": {
    "identity": "STEAM_0:1:7004440",
    "name": "k0zLOW",
    "kill": 21,
    "dead": 20,
    "selfkill": 0,
    "teamkill": 0,
    "assister": 9,
    "Score": 1.2142857142857142
  },
  "STEAM_0:1:57543850": {
    "identity": "STEAM_0:1:57543850",
    "name": "Tyuri\u0027\u2601\u2122",
    "kill": 3,
    "dead": 5,
    "selfkill": 0,
    "teamkill": 0,
    "assister": 3,
    "Score": 0.75
  },
  "STEAM_0:0:2512080": {
    "identity": "STEAM_0:0:2512080",
    "name": "\u04B2a\u03B2a",
    "kill": 25,
    "dead": 54,
    "selfkill": 0,
    "teamkill": 0,
    "assister": 11,
    "Score": 0.5545454545454546
  },
  "STEAM_0:0:29331512": {
    "identity": "STEAM_0:0:29331512",
    "name": "\u2602\u2708\uFE0F\u26DF  Sufni88   \u267F \u262D \uD83C\uDFD3",
    "kill": 33,
    "dead": 40,
    "selfkill": 0,
    "teamkill": 0,
    "assister": 8,
    "Score": 0.9024390243902439
  },
  "STEAM_0:1:57091412": {
    "identity": "STEAM_0:1:57091412",
    "name": "Shotipuder \u30C4",
    "kill": 75,
    "dead": 144,
    "selfkill": 1,
    "teamkill": 1,
    "assister": 30,
    "Score": 0.6103448275862069
  },
  "STEAM_0:1:60009359": {
    "identity": "STEAM_0:1:60009359",
    "name": "testos.. #",
    "kill": 64,
    "dead": 43,
    "selfkill": 0,
    "teamkill": 0,
    "assister": 15,
    "Score": 1.625
  },
  "STEAM_0:0:405332892": {
    "identity": "STEAM_0:0:405332892",
    "name": "It\u0027s My Life",
    "kill": 70,
    "dead": 103,
    "selfkill": 0,
    "teamkill": 0,
    "assister": 28,
    "Score": 0.8076923076923077
  },
  "STEAM_0:1:99471656": {
    "identity": "STEAM_0:1:99471656",
    "name": "\u0E04\u0E53\u0E22l\u0454t",
    "kill": 34,
    "dead": 41,
    "selfkill": 2,
    "teamkill": 0,
    "assister": 7,
    "Score": 0.8452380952380952
  },
  "STEAM_0:1:76279138": {
    "identity": "STEAM_0:1:76279138",
    "name": "BOT Mammon",
    "kill": 26,
    "dead": 34,
    "selfkill": 0,
    "teamkill": 0,
    "assister": 13,
    "Score": 0.9285714285714286
  },
  "STEAM_0:1:150431878": {
    "identity": "STEAM_0:1:150431878",
    "name": "Dilaj",
    "kill": 24,
    "dead": 28,
    "selfkill": 0,
    "teamkill": 0,
    "assister": 9,
    "Score": 0.9827586206896551
  },
  "STEAM_0:0:561577807": {
    "identity": "STEAM_0:0:561577807",
    "name": "FreeFrag",
    "kill": 118,
    "dead": 58,
    "selfkill": 1,
    "teamkill": 0,
    "assister": 19,
    "Score": 2.1440677966101696
  },
  "STEAM_0:0:167664857": {
    "identity": "STEAM_0:0:167664857",
    "name": "Neo",
    "kill": 14,
    "dead": 17,
    "selfkill": 0,
    "teamkill": 0,
    "assister": 6,