{
  "STEAM_0:0:22037345": {
    "identity": "STEAM_0:0:22037345",
    "name": "NewIm",
    "kill": 720,
    "dead": 468,
    "selfkill": 2,
    "teamkill": 4,
    "assister": 158,
    "Score": 1.695095948827292
  },
  "STEAM_0:1:32534122": {
    "identity": "STEAM_0:1:32534122",
    "name": "\u2022 \u10E6 \u0B90 Ancsa \u0B90 \u10E6 \u2022",
    "kill": 80,
    "dead": 126,
    "selfkill": 1,
    "teamkill": 1,
    "assister": 30,
    "Score": 0.7362204724409449
  },
  "STEAM_0:1:60009359": {
    "identity": "STEAM_0:1:60009359",
    "name": "testos.. #",
    "kill": 453,
    "dead": 300,
    "selfkill": 1,
    "teamkill": 3,
    "assister": 94,
    "Score": 1.6528239202657806
  },
  "STEAM_0:1:35621956": {
    "identity": "STEAM_0:1:35621956",
    "name": "Mad\u00E1rtely",
    "kill": 3022,
    "dead": 2026,
    "selfkill": 16,
    "teamkill": 8,
    "assister": 671,
    "Score": 1.6465219536260483
  },
  "STEAM_0:0:441559502": {
    "identity": "STEAM_0:0:441559502",
    "name": "Sinistral",
    "kill": 1341,
    "dead": 1250,
    "selfkill": 10,
    "teamkill": 3,
    "assister": 355,
    "Score": 1.2046362909672261
  },
  "STEAM_0:0:203114556": {
    "identity": "STEAM_0:0:203114556",
    "name": "It\u0027s My Life",
    "kill": 1805,
    "dead": 2355,
    "selfkill": 55,
    "teamkill": 6,
    "assister": 670,
    "Score": 0.8837011884550084
  },
  "STEAM_0:0:150034436": {
    "identity": "STEAM_0:0:150034436",
    "name": "Krist\u00F3f",
    "kill": 516,
    "dead": 359,
    "selfkill": 1,
    "teamkill": 1,
    "assister": 109,
    "Score": 1.5805555555555555
  },
  "STEAM_0:1:583541001": {
    "identity": "STEAM_0:1:583541001",
    "name": "tkende",
    "kill": 1637,
    "dead": 1428,
    "selfkill": 16,
    "teamkill": 4,
    "assister": 410,
    "Score": 1.2764170748775368
  },
  "STEAM_0:1:245411948": {
    "identity": "STEAM_0:1:245411948",
    "name": "\uD835\uDE68\uD835\uDE5E\uD835\uDE64",
    "kill": 1371,
    "dead": 1027,
    "selfkill": 6,
    "teamkill": 10,
    "assister": 260,
    "Score": 1.4494163424124513
  },
  "STEAM_0:1:398782052": {
    "identity": "STEAM_0:1:398782052",
    "name": "K\u00FAr\u00F3Rudi",
    "kill": 21,
    "dead": 20,
    "selfkill": 0,
    "teamkill": 0,
    "assister": 7,
    "Score": 1.1666666666666667
  },
  "STEAM_0:0:94968898": {
    "identity": "STEAM_0:0:94968898",
    "name": "vivi",
    "kill": 593,
    "dead": 760,
    "selfkill": 3,
    "teamkill": 2,
    "assister": 229,
    "Score": 0.9244415243101183
  },
  "STEAM_0:0:77694869": {
    "identity": "STEAM_0:0:77694869",
    "name": "Kroki 77",
    "kill": 469,
    "dead": 1127,
    "selfkill": 7,
    "teamkill": 3,
    "assister": 211,
    "Score": 0.50177304964539
  },
  "STEAM_0:1:26008526": {
    "identity": "STEAM_0:1:26008526",
    "name": "NUMERO",
    "kill": 529,
    "dead": 635,
    "selfkill": 3,
    "teamkill": 1,
    "assister": 170,
    "Score": 0.9599056603773585
  },
  "STEAM_0:0:5924827": {
    "identity": "STEAM_0:0:5924827",
    "name": "]JK[ Koszti \uC6C3 \uC720 \u267F\u261E\uFE0E\u2620",
    "kill": 847,
    "dead": 1420,
    "selfkill": 10,
    "teamkill": 4,
    "assister": 287,
    "Score": 0.6885995777621393
  },
  "STEAM_0:1:57091412": {
    "identity": "STEAM_0:1:57091412",
    "name": "Shotipuder \u30C4",
    "kill": 104,
    "dead": 221,
    "selfkill": 1,
    "teamkill": 0,
    "assister": 35,
    "Score": 0.5427927927927928
  },
  "STEAM_0:0:16206244": {
    "identity": "STEAM_0:0:16206244",
    "name": "Pityuh",
    "kill": 504,
    "dead": 365,
    "selfkill": 2,
    "teamkill": 2,
    "assister": 175,
    "Score": 1.6079234972677596
  },
  "STEAM_0:0:442989894": {
    "identity": "STEAM_0:0:442989894",
    "name": "AMAT\u0150R",
    "kill": 93,
    "dead": 54,
    "selfkill": 0,
    "teamkill": 0,
    "assister": 23,
    "Score": 1.9
  },
  "STEAM_0:0:43199417": {
    "identity": "STEAM_0:0:43199417",
    "name": "N\u00F3t\u00E1s",
    "kill": 461,
    "dead": 620,
    "selfkill": 0,
    "teamkill": 3,
    "assister": 142,
    "Score": 0.8542673107890499
  },
  "STEAM_0:0:27259491": {
    "identity": "STEAM_0:0:27259491",
    "name": "GiZMO_*",
    "kill": 21,
    "dead": 27,
    "selfkill": 1,
    "teamkill": 0,
    "assister": 9,
    "Score": 0.875
  },
  "STEAM_0:0:41040283": {
    "identity": "STEAM_0:0:41040283",
    "name": "Black Jesus",
    "kill": 4,
    "dead": 8,
    "selfkill": 0,
    "teamkill": 0,
    "assister": 3,
    "Score": 0.6111111111111112
  },
  "STEAM_0:0:190362488": {
    "identity": "STEAM_0:0:190362488",
    "name": "Avidano Vani^^",
    "kill": 1209,
    "dead": 1547,
    "selfkill": 10,
    "teamkill": 1,
    "assister": 405,
    "Score": 0.9050387596899225
  },
  "STEAM_0:0:845079430": {
    "identity": "STEAM_0:0:845079430",
    "name": "Dr. Tim\u00F3ti Tyoty",
    "kill": 7,
    "dead": 5,
    "selfkill": 0,
    "teamkill": 0,
    "assister": 1,
    "Score": 1.25
  },
  "STEAM_0:0:6667777": {
    "identity": "STEAM_0:0:6667777",
    "name": "[NK]BALU PAPA(J\u00E1r\u00F3keret)",
    "kill": 78,
    "dead": 151,
    "selfkill": 3,
    "teamkill": 0,
    "assister": 19,
    "Score": 0.555921052631579
  },
  "STEAM_0:1:458365060": {
    "identity": "STEAM_0:1:458365060",
    "name": "patesz",
    "kill": 66,
    "dead": 61,
    "selfkill": 3,
    "teamkill": 0,
    "assister": 18,
    "Score": 1.1612903225806452
  },
  "STEAM_0:1:150431878": {
    "identity": "STEAM_0:1:150431878",
    "name": "Dilaj",
    "kill": 164,
    "dead": 238,
    "selfkill": 4,
    "teamkill": 3,
    "assister": 58,
    "Score": 0.7845188284518828
  },
  "STEAM_0:1:155574162": {
    "identity": "STEAM_0:1:155574162",
    "name": "J u d g e D r e d d",
    "kill": 474,
    "dead": 308,
    "selfkill": 2,
    "teamkill": 0,
    "assister": 109,
    "Score": 1.703883495145631
  },
  "STEAM_0:0:132466730": {
    "identity": "STEAM_0:0:132466730",
    "name": "yletr\u00E1daM",
    "kill": 256,
    "dead": 199,
    "selfkill": 2,
    "teamkill": 1,
    "assister": 53,
    "Score": 1.4
  },
  "STEAM_0:0:6183627": {
    "identity": "STEAM_0:0:6183627",
    "name": "Liquid",
    "kill": 9,
    "dead": 29,
    "selfkill": 0,
    "teamkill": 0,
    "assister": 1,
    "Score": 0.31666666666666665
  },
  "STEAM_0:1:7004440": {
    "identity": "STEAM_0:1:7004440",
    "name": "k0zLOW",
    "kill": 770,
    "dead": 417,
    "selfkill": 5,
    "teamkill": 2,
    "assister": 164,
    "Score": 2.0239234449760763
  },
  "STEAM_0:0:2512080": {
    "identity": "STEAM_0:0:2512080",
    "name": "\u04B2a\u03B2a",
    "kill": 116,
    "dead": 175,
    "selfkill": 1,
    "teamkill": 2,
    "assister": 43,
    "Score": 0.7698863636363636
  },
  "STEAM_0:1:197117924": {
    "identity": "STEAM_0:1:197117924",
    "name": "CSalaM\u00E1t\u00E9",
    "kill": 346,
    "dead": 786,
    "selfkill": 3,
    "teamkill": 0,
    "assister": 141,
    "Score": 0.525412960609911
  },
  "STEAM_0:0:143211814": {
    "identity": "STEAM_0:0:143211814",
    "name": "bons",
    "kill": 486,
    "dead": 658,
    "selfkill": 7,
    "teamkill": 0,
    "assister": 160,
    "Score": 0.8482549317147192
  },
  "STEAM_0:1:604809536": {
    "identity": "STEAM_0:1:604809536",
    "name": "\uD835\uDC69\uD835\uDC90\uD835\uDC95\uD835\uDC91\uD835\uDC82\uD835\uDC94\uD835\uDC94",
    "kill": 254,
    "dead": 220,
    "selfkill": 3,
    "teamkill": 1,
    "assister": 77,
    "Score": 1.3076923076923077
  },
  "STEAM_0:1:55655971": {
    "identity": "STEAM_0:1:55655971",
    "name": "Dawe #Fearless",
    "kill": 551,
    "dead": 407,
    "selfkill": 1,
    "teamkill": 1,
    "assister": 144,
    "Score": 1.5232843137254901
  },
  "STEAM_0:1:9705206": {
    "identity": "STEAM_0:1:9705206",
    "name": "\u32E1Gyurcsi Fercsi\u32DB at Linux",
    "kill": 99,
    "dead": 249,
    "selfkill": 1,
    "teamkill": 0,
    "assister": 66,
    "Score": 0.524
  },
  "STEAM_0:1:128380033": {
    "identity": "STEAM_0:1:128380033",
    "name": "atreusz",
    "kill": 1042,